PIN;Name;Vorname;E-Mail;Aktive Vertragsnummern
1000000804;Krieger;Arthur;Arthur.Krieger@test.de;
1000000804;Krieger;Arthur;Arthur.Krieger@test.de;
1000000026;Möbius;Karlheinz;Karlheinz.Möbius@test.de;
1000000026;Möbius;Karlheinz;Karlheinz.Möbius@test.de;
1000000026;Möbius;Karlheinz;Karlheinz.Möbius@test.de;43721
1000000026;Möbius;Karlheinz;Karlheinz.Möbius@test.de;43721
1000000042;Holzapfel;Rudolf;Rudolf.Holzapfel@test.de;
1000000042;Holzapfel;Rudolf;Rudolf.Holzapfel@test.de;
1000000042;Holzapfel;Rudolf;Rudolf.Holzapfel@test.de;39231
1000000042;Holzapfel;Rudolf;Rudolf.Holzapfel@test.de;39231
1000000044;Bruhn;Ursula;Ursula.Bruhn@test.de;
1000000044;Bruhn;Ursula;Ursula.Bruhn@test.de;
1000000044;Bruhn;Ursula;Ursula.Bruhn@test.de;40942
1000000044;Bruhn;Ursula;Ursula.Bruhn@test.de;40942
1000000087;Kamp;Helene;Helene.Kamp@test.de;
1000000087;Kamp;Helene;Helene.Kamp@test.de;
1000000087;Kamp;Helene;Helene.Kamp@test.de;46856
1000000087;Kamp;Helene;Helene.Kamp@test.de;46856
1000000092;Kober;Hildegard;Hildegard.Kober@test.de;
1000000092;Kober;Hildegard;Hildegard.Kober@test.de;
1000000092;Kober;Hildegard;Hildegard.Kober@test.de;
1000000092;Kober;Hildegard;Hildegard.Kober@test.de;
1000000092;Kober;Hildegard;Hildegard.Kober@test.de;
1000000092;Kober;Hildegard;Hildegard.Kober@test.de;45321
1000000092;Kober;Hildegard;Hildegard.Kober@test.de;45321
1000000092;Kober;Hildegard;Hildegard.Kober@test.de;45323
1000000092;Kober;Hildegard;Hildegard.Kober@test.de;45323
1000000110;Färber;Maria;Maria.Färber@test.de;
1000000110;Färber;Maria;Maria.Färber@test.de;38014
1000000116;Raschke;Richard;Richard.Raschke@test.de;
1000000116;Raschke;Richard;Richard.Raschke@test.de;
1000000116;Raschke;Richard;Richard.Raschke@test.de;
1000000116;Raschke;Richard;Richard.Raschke@test.de;
1000000116;Raschke;Richard;Richard.Raschke@test.de;45410
1000000116;Raschke;Richard;Richard.Raschke@test.de;45410
1000000116;Raschke;Richard;Richard.Raschke@test.de;45412
1000000116;Raschke;Richard;Richard.Raschke@test.de;45412
1000000121;Hörmann;Waltraud;Waltraud.Hörmann@test.de;
1000000125;Kuhl;Wolfgang;Wolfgang.Kuhl@test.de;
1000000125;Kuhl;Wolfgang;Wolfgang.Kuhl@test.de;
1000000125;Kuhl;Wolfgang;Wolfgang.Kuhl@test.de;46312
1000000125;Kuhl;Wolfgang;Wolfgang.Kuhl@test.de;46312
1000000145;Hain;Erna;Erna.Hain@test.de;
1000000145;Hain;Erna;Erna.Hain@test.de;
1000000145;Hain;Erna;Erna.Hain@test.de;
1000000145;Hain;Erna;Erna.Hain@test.de;33697
1000000148;Wolfram;Frieda;Frieda.Wolfram@test.de;
1000000148;Wolfram;Frieda;Frieda.Wolfram@test.de;
1000000148;Wolfram;Frieda;Frieda.Wolfram@test.de;
1000000148;Wolfram;Frieda;Frieda.Wolfram@test.de;
1000000148;Wolfram;Frieda;Frieda.Wolfram@test.de;34649
1000000148;Wolfram;Frieda;Frieda.Wolfram@test.de;34649
1000000165;Buhl;Hermann;Hermann.Buhl@test.de;
1000000165;Buhl;Hermann;Hermann.Buhl@test.de;
1000000165;Buhl;Hermann;Hermann.Buhl@test.de;
1000000165;Buhl;Hermann;Hermann.Buhl@test.de;
1000000165;Buhl;Hermann;Hermann.Buhl@test.de;
1000000165;Buhl;Hermann;Hermann.Buhl@test.de;
1000000203;Sänger;Anneliese;Anneliese.Sänger@test.de;
1000000203;Sänger;Anneliese;Anneliese.Sänger@test.de;
1000000203;Sänger;Anneliese;Anneliese.Sänger@test.de;53717
1000000203;Sänger;Anneliese;Anneliese.Sänger@test.de;53717
1000000253;Zielke;Klaus ;Klaus .Zielke@test.de;
1000000253;Zielke;Klaus ;Klaus .Zielke@test.de;
1000000253;Zielke;Klaus ;Klaus .Zielke@test.de;
1000000253;Zielke;Klaus ;Klaus .Zielke@test.de;
1000000253;Zielke;Klaus ;Klaus .Zielke@test.de;42020
1000000253;Zielke;Klaus ;Klaus .Zielke@test.de;42020
1000000447;Geis;Franz;Franz.Geis@test.de;
1000000447;Geis;Franz;Franz.Geis@test.de;
1000000447;Geis;Franz;Franz.Geis@test.de;
1000000447;Geis;Franz;Franz.Geis@test.de;
1000000452;Wieser;Gerda;Gerda.Wieser@test.de;
1000000452;Wieser;Gerda;Gerda.Wieser@test.de;
1000000452;Wieser;Gerda;Gerda.Wieser@test.de;
1000000452;Wieser;Gerda;Gerda.Wieser@test.de;
1000000452;Wieser;Gerda;Gerda.Wieser@test.de;51835
1000000452;Wieser;Gerda;Gerda.Wieser@test.de;51835
1000000452;Wieser;Gerda;Gerda.Wieser@test.de;51837
1000000452;Wieser;Gerda;Gerda.Wieser@test.de;51837
1000000285;Tischer;Claus;Claus.Tischer@test.de;
1000000285;Tischer;Claus;Claus.Tischer@test.de;
1000000285;Tischer;Claus;Claus.Tischer@test.de;
1000000285;Tischer;Claus;Claus.Tischer@test.de;
1000000306;Gruner;Günther;Günther.Gruner@test.de;
1000000306;Gruner;Günther;Günther.Gruner@test.de;
1000000306;Gruner;Günther;Günther.Gruner@test.de;
1000000306;Gruner;Günther;Günther.Gruner@test.de;48543
1000000306;Gruner;Günther;Günther.Gruner@test.de;48543
1000000310;Deppe;Heinz;Heinz.Deppe@test.de;
1000000310;Deppe;Heinz;Heinz.Deppe@test.de;
1000000313;Aßmann;Helga;Helga.Aßmann@test.de;
1000000313;Aßmann;Helga;Helga.Aßmann@test.de;
1000000313;Aßmann;Helga;Helga.Aßmann@test.de;
1000000313;Aßmann;Helga;Helga.Aßmann@test.de;
1000000313;Aßmann;Helga;Helga.Aßmann@test.de;32919
1000000313;Aßmann;Helga;Helga.Aßmann@test.de;32919
1000000313;Aßmann;Helga;Helga.Aßmann@test.de;32921
1000000313;Aßmann;Helga;Helga.Aßmann@test.de;32921
1000000320;Bräutigam;Ilse;Ilse.Bräutigam@test.de;
1000000320;Bräutigam;Ilse;Ilse.Bräutigam@test.de;
1000000320;Bräutigam;Ilse;Ilse.Bräutigam@test.de;
1000000327;Sack;Käte;Käte.Sack@test.de;
1000000349;Niedermeier;Willi;Willi.Niedermeier@test.de;
1000000349;Niedermeier;Willi;Willi.Niedermeier@test.de;
1000000349;Niedermeier;Willi;Willi.Niedermeier@test.de;50954
1000000349;Niedermeier;Willi;Willi.Niedermeier@test.de;50954
1000000351;Klassen;Alfred;Alfred.Klassen@test.de;
1000000351;Klassen;Alfred;Alfred.Klassen@test.de;
1000000351;Klassen;Alfred;Alfred.Klassen@test.de;
1000000351;Klassen;Alfred;Alfred.Klassen@test.de;
1000000351;Klassen;Alfred;Alfred.Klassen@test.de;
1000000351;Klassen;Alfred;Alfred.Klassen@test.de;48482
1000000351;Klassen;Alfred;Alfred.Klassen@test.de;48482
1000000366;Speck;Else;Else.Speck@test.de;
1000000366;Speck;Else;Else.Speck@test.de;
1000000369;Dunkel;Erika;Erika.Dunkel@test.de;
1000000369;Dunkel;Erika;Erika.Dunkel@test.de;
1000000369;Dunkel;Erika;Erika.Dunkel@test.de;
1000000369;Dunkel;Erika;Erika.Dunkel@test.de;36809
1000000369;Dunkel;Erika;Erika.Dunkel@test.de;36809
1000000402;Engelbrecht;Käte;Käte.Engelbrecht@test.de;
1000000402;Engelbrecht;Käte;Käte.Engelbrecht@test.de;
1000000402;Engelbrecht;Käte;Käte.Engelbrecht@test.de;
1000000402;Engelbrecht;Käte;Käte.Engelbrecht@test.de;
1000000402;Engelbrecht;Käte;Käte.Engelbrecht@test.de;52112
1000000402;Engelbrecht;Käte;Käte.Engelbrecht@test.de;52112
1000000408;Steuer;Margarethe;Margarethe.Steuer@test.de;
1000000408;Steuer;Margarethe;Margarethe.Steuer@test.de;
1000000408;Steuer;Margarethe;Margarethe.Steuer@test.de;
1000000408;Steuer;Margarethe;Margarethe.Steuer@test.de;39364
1000000408;Steuer;Margarethe;Margarethe.Steuer@test.de;39364
1000000423;Rettig;Wilhelm;Wilhelm.Rettig@test.de;
1000000423;Rettig;Wilhelm;Wilhelm.Rettig@test.de;
1000000423;Rettig;Wilhelm;Wilhelm.Rettig@test.de;
1000000423;Rettig;Wilhelm;Wilhelm.Rettig@test.de;
1000000423;Rettig;Wilhelm;Wilhelm.Rettig@test.de;
1000000423;Rettig;Wilhelm;Wilhelm.Rettig@test.de;
1000000423;Rettig;Wilhelm;Wilhelm.Rettig@test.de;49080
1000000423;Rettig;Wilhelm;Wilhelm.Rettig@test.de;49080
1000000426;Guth;Alfred;Alfred.Guth@test.de;
1000000426;Guth;Alfred;Alfred.Guth@test.de;
1000000426;Guth;Alfred;Alfred.Guth@test.de;
1000000426;Guth;Alfred;Alfred.Guth@test.de;
1000000426;Guth;Alfred;Alfred.Guth@test.de;36376
1000000426;Guth;Alfred;Alfred.Guth@test.de;36376
1000000438;Behrend;Elfriede;Elfriede.Behrend@test.de;
1000000438;Behrend;Elfriede;Elfriede.Behrend@test.de;
1000000438;Behrend;Elfriede;Elfriede.Behrend@test.de;44183
1000000438;Behrend;Elfriede;Elfriede.Behrend@test.de;44183
1000000470;Knappe;Ilse;Ilse.Knappe@test.de;
1000000470;Knappe;Ilse;Ilse.Knappe@test.de;
1000000470;Knappe;Ilse;Ilse.Knappe@test.de;51179
1000000470;Knappe;Ilse;Ilse.Knappe@test.de;51179
1000000472;Fischbach;Irmgard;Irmgard.Fischbach@test.de;
1000000472;Fischbach;Irmgard;Irmgard.Fischbach@test.de;
1000000472;Fischbach;Irmgard;Irmgard.Fischbach@test.de;
1000000472;Fischbach;Irmgard;Irmgard.Fischbach@test.de;
1000000472;Fischbach;Irmgard;Irmgard.Fischbach@test.de;
1000000472;Fischbach;Irmgard;Irmgard.Fischbach@test.de;
1000000472;Fischbach;Irmgard;Irmgard.Fischbach@test.de;
1000000472;Fischbach;Irmgard;Irmgard.Fischbach@test.de;
1000000472;Fischbach;Irmgard;Irmgard.Fischbach@test.de;
1000000472;Fischbach;Irmgard;Irmgard.Fischbach@test.de;
1000000472;Fischbach;Irmgard;Irmgard.Fischbach@test.de;
1000000472;Fischbach;Irmgard;Irmgard.Fischbach@test.de;
1000000472;Fischbach;Irmgard;Irmgard.Fischbach@test.de;49452
1000000472;Fischbach;Irmgard;Irmgard.Fischbach@test.de;49455
1000000472;Fischbach;Irmgard;Irmgard.Fischbach@test.de;49455
1000000472;Fischbach;Irmgard;Irmgard.Fischbach@test.de;55833
1000000472;Fischbach;Irmgard;Irmgard.Fischbach@test.de;55833
1000000472;Fischbach;Irmgard;Irmgard.Fischbach@test.de;56388
1000000472;Fischbach;Irmgard;Irmgard.Fischbach@test.de;58656
1000000478;Hänsel;Klaus ;Klaus .Hänsel@test.de;
1000000478;Hänsel;Klaus ;Klaus .Hänsel@test.de;
1000000478;Hänsel;Klaus ;Klaus .Hänsel@test.de;34861
1000000478;Hänsel;Klaus ;Klaus .Hänsel@test.de;34861
1000000472;Fischbach;Irmgard;Irmgard.Fischbach@test.de;
1000000472;Fischbach;Irmgard;Irmgard.Fischbach@test.de;
1000000472;Fischbach;Irmgard;Irmgard.Fischbach@test.de;
1000000472;Fischbach;Irmgard;Irmgard.Fischbach@test.de;
1000000472;Fischbach;Irmgard;Irmgard.Fischbach@test.de;
1000000472;Fischbach;Irmgard;Irmgard.Fischbach@test.de;
1000000472;Fischbach;Irmgard;Irmgard.Fischbach@test.de;
1000000472;Fischbach;Irmgard;Irmgard.Fischbach@test.de;
1000000472;Fischbach;Irmgard;Irmgard.Fischbach@test.de;
1000000472;Fischbach;Irmgard;Irmgard.Fischbach@test.de;
1000000472;Fischbach;Irmgard;Irmgard.Fischbach@test.de;
1000000472;Fischbach;Irmgard;Irmgard.Fischbach@test.de;
1000000472;Fischbach;Irmgard;Irmgard.Fischbach@test.de;
1000000472;Fischbach;Irmgard;Irmgard.Fischbach@test.de;
1000000472;Fischbach;Irmgard;Irmgard.Fischbach@test.de;
1000000472;Fischbach;Irmgard;Irmgard.Fischbach@test.de;
1000000472;Fischbach;Irmgard;Irmgard.Fischbach@test.de;
1000000472;Fischbach;Irmgard;Irmgard.Fischbach@test.de;
1000000472;Fischbach;Irmgard;Irmgard.Fischbach@test.de;
1000000472;Fischbach;Irmgard;Irmgard.Fischbach@test.de;
1000000472;Fischbach;Irmgard;Irmgard.Fischbach@test.de;
1000000472;Fischbach;Irmgard;Irmgard.Fischbach@test.de;
1000000472;Fischbach;Irmgard;Irmgard.Fischbach@test.de;
1000000472;Fischbach;Irmgard;Irmgard.Fischbach@test.de;
1000000472;Fischbach;Irmgard;Irmgard.Fischbach@test.de;
1000000472;Fischbach;Irmgard;Irmgard.Fischbach@test.de;
1000000472;Fischbach;Irmgard;Irmgard.Fischbach@test.de;
1000000472;Fischbach;Irmgard;Irmgard.Fischbach@test.de;
1000000472;Fischbach;Irmgard;Irmgard.Fischbach@test.de;
1000000472;Fischbach;Irmgard;Irmgard.Fischbach@test.de;
1000000472;Fischbach;Irmgard;Irmgard.Fischbach@test.de;49452
1000000515;Klein;Ella;Ella.Klein@test.de;
1000000515;Klein;Ella;Ella.Klein@test.de;
1000000515;Klein;Ella;Ella.Klein@test.de;42863
1000000515;Klein;Ella;Ella.Klein@test.de;42863
1000000542;Fuchs;Hildegard;Hildegard.Fuchs@test.de;
1000000542;Fuchs;Hildegard;Hildegard.Fuchs@test.de;
1000000542;Fuchs;Hildegard;Hildegard.Fuchs@test.de;
1000000542;Fuchs;Hildegard;Hildegard.Fuchs@test.de;51496
1000000542;Fuchs;Hildegard;Hildegard.Fuchs@test.de;51496
1000000549;Hahn;Johanna;Johanna.Hahn@test.de;
1000000549;Hahn;Johanna;Johanna.Hahn@test.de;
1000000549;Hahn;Johanna;Johanna.Hahn@test.de;
1000000549;Hahn;Johanna;Johanna.Hahn@test.de;
1000000549;Hahn;Johanna;Johanna.Hahn@test.de;
1000000549;Hahn;Johanna;Johanna.Hahn@test.de;50585
1000000549;Hahn;Johanna;Johanna.Hahn@test.de;50585
1000000555;Winkler;Lieselotte;Lieselotte.Winkler@test.de;
1000000555;Winkler;Lieselotte;Lieselotte.Winkler@test.de;
1000000555;Winkler;Lieselotte;Lieselotte.Winkler@test.de;
1000000555;Winkler;Lieselotte;Lieselotte.Winkler@test.de;
1000000555;Winkler;Lieselotte;Lieselotte.Winkler@test.de;37161
1000000555;Winkler;Lieselotte;Lieselotte.Winkler@test.de;37161
1000000555;Winkler;Lieselotte;Lieselotte.Winkler@test.de;37163
1000000555;Winkler;Lieselotte;Lieselotte.Winkler@test.de;37163
1000000557;Berger;Manfred;Manfred.Berger@test.de;
1000000557;Berger;Manfred;Manfred.Berger@test.de;52698
1000000558;Roth;Margarethe;Margarethe.Roth@test.de;
1000000558;Roth;Margarethe;Margarethe.Roth@test.de;
1000000558;Roth;Margarethe;Margarethe.Roth@test.de;
1000000558;Roth;Margarethe;Margarethe.Roth@test.de;
1000000560;Lorenz;Maria;Maria.Lorenz@test.de;
1000000560;Lorenz;Maria;Maria.Lorenz@test.de;
1000000560;Lorenz;Maria;Maria.Lorenz@test.de;
1000000561;Baumann;Marie;Marie.Baumann@test.de;
1000000561;Baumann;Marie;Marie.Baumann@test.de;
1000000561;Baumann;Marie;Marie.Baumann@test.de;
1000000561;Baumann;Marie;Marie.Baumann@test.de;
1000000561;Baumann;Marie;Marie.Baumann@test.de;
1000000561;Baumann;Marie;Marie.Baumann@test.de;
1000000561;Baumann;Marie;Marie.Baumann@test.de;
1000000561;Baumann;Marie;Marie.Baumann@test.de;
1000000561;Baumann;Marie;Marie.Baumann@test.de;
1000000561;Baumann;Marie;Marie.Baumann@test.de;
1000000561;Baumann;Marie;Marie.Baumann@test.de;
1000000572;Krämer;Werner;Werner.Krämer@test.de;
1000000572;Krämer;Werner;Werner.Krämer@test.de;
1000000572;Krämer;Werner;Werner.Krämer@test.de;
1000000572;Krämer;Werner;Werner.Krämer@test.de;
1000000572;Krämer;Werner;Werner.Krämer@test.de;
1000000572;Krämer;Werner;Werner.Krämer@test.de;
1000000572;Krämer;Werner;Werner.Krämer@test.de;
1000000572;Krämer;Werner;Werner.Krämer@test.de;
1000000572;Krämer;Werner;Werner.Krämer@test.de;41386
1000000572;Krämer;Werner;Werner.Krämer@test.de;41386
1000000572;Krämer;Werner;Werner.Krämer@test.de;52651
1000000572;Krämer;Werner;Werner.Krämer@test.de;52651
1000000573;Vogt;Wilhelm;Wilhelm.Vogt@test.de;
1000000573;Vogt;Wilhelm;Wilhelm.Vogt@test.de;
1000000573;Vogt;Wilhelm;Wilhelm.Vogt@test.de;
1000000573;Vogt;Wilhelm;Wilhelm.Vogt@test.de;
1000000573;Vogt;Wilhelm;Wilhelm.Vogt@test.de;
1000000573;Vogt;Wilhelm;Wilhelm.Vogt@test.de;
1000000573;Vogt;Wilhelm;Wilhelm.Vogt@test.de;41361
1000000573;Vogt;Wilhelm;Wilhelm.Vogt@test.de;41361
1000000573;Vogt;Wilhelm;Wilhelm.Vogt@test.de;41388
1000000591;Engel;Else;Else.Engel@test.de;
1000000591;Engel;Else;Else.Engel@test.de;
1000000591;Engel;Else;Else.Engel@test.de;
1000000591;Engel;Else;Else.Engel@test.de;45174
1000000591;Engel;Else;Else.Engel@test.de;45174
1000000592;Horn;Emma;Emma.Horn@test.de;
1000000594;Voigt;Erika;Erika.Voigt@test.de;
1000000597;Sauer;Franz;Franz.Sauer@test.de;
1000000597;Sauer;Franz;Franz.Sauer@test.de;
1000000597;Sauer;Franz;Franz.Sauer@test.de;
1000000597;Sauer;Franz;Franz.Sauer@test.de;
1000000597;Sauer;Franz;Franz.Sauer@test.de;
1000000597;Sauer;Franz;Franz.Sauer@test.de;
1000000597;Sauer;Franz;Franz.Sauer@test.de;
1000000597;Sauer;Franz;Franz.Sauer@test.de;45597
1000000597;Sauer;Franz;Franz.Sauer@test.de;45597
1000000597;Sauer;Franz;Franz.Sauer@test.de;45597
1000000597;Sauer;Franz;Franz.Sauer@test.de;48293
1000000597;Sauer;Franz;Franz.Sauer@test.de;48293
1000000597;Sauer;Franz;Franz.Sauer@test.de;56075
1000000597;Sauer;Franz;Franz.Sauer@test.de;56075
1000000603;Ernst;Gerhard;Gerhard.Ernst@test.de;
1000000603;Ernst;Gerhard;Gerhard.Ernst@test.de;
1000000603;Ernst;Gerhard;Gerhard.Ernst@test.de;49872
1000000603;Ernst;Gerhard;Gerhard.Ernst@test.de;49872
1000000620;Ott;Ilse;Ilse.Ott@test.de;
1000000620;Ott;Ilse;Ilse.Ott@test.de;
1000000620;Ott;Ilse;Ilse.Ott@test.de;
1000000620;Ott;Ilse;Ilse.Ott@test.de;54044
1000000620;Ott;Ilse;Ilse.Ott@test.de;54044
1000000628;Mohr;Klaus ;Klaus .Mohr@test.de;
1000000648;Eckert;Wilhelm;Wilhelm.Eckert@test.de;
1000000648;Eckert;Wilhelm;Wilhelm.Eckert@test.de;
1000000648;Eckert;Wilhelm;Wilhelm.Eckert@test.de;39111
1000000661;Hesse;Curt;Curt.Hesse@test.de;
1000000661;Hesse;Curt;Curt.Hesse@test.de;
1000000661;Hesse;Curt;Curt.Hesse@test.de;36949
1000000661;Hesse;Curt;Curt.Hesse@test.de;36949
1000000663;Rudolph;Elfriede;Elfriede.Rudolph@test.de;
1000000663;Rudolph;Elfriede;Elfriede.Rudolph@test.de;
1000000663;Rudolph;Elfriede;Elfriede.Rudolph@test.de;44157
1000000663;Rudolph;Elfriede;Elfriede.Rudolph@test.de;44157
1000000665;Beckmann;Ella;Ella.Beckmann@test.de;
1000000665;Beckmann;Ella;Ella.Beckmann@test.de;
1000000665;Beckmann;Ella;Ella.Beckmann@test.de;
1000000665;Beckmann;Ella;Ella.Beckmann@test.de;
1000000665;Beckmann;Ella;Ella.Beckmann@test.de;
1000000665;Beckmann;Ella;Ella.Beckmann@test.de;
1000000665;Beckmann;Ella;Ella.Beckmann@test.de;
1000000665;Beckmann;Ella;Ella.Beckmann@test.de;
1000000665;Beckmann;Ella;Ella.Beckmann@test.de;32041
1000000665;Beckmann;Ella;Ella.Beckmann@test.de;32041
1000000669;Behrens;Erika;Erika.Behrens@test.de;
1000000669;Behrens;Erika;Erika.Behrens@test.de;
1000000669;Behrens;Erika;Erika.Behrens@test.de;46511
1000000669;Behrens;Erika;Erika.Behrens@test.de;46511
1000000695;Löffler;Ilse;Ilse.Löffler@test.de;
1000000695;Löffler;Ilse;Ilse.Löffler@test.de;
1000000695;Löffler;Ilse;Ilse.Löffler@test.de;
1000000695;Löffler;Ilse;Ilse.Löffler@test.de;
1000000695;Löffler;Ilse;Ilse.Löffler@test.de;
1000000695;Löffler;Ilse;Ilse.Löffler@test.de;
1000000695;Löffler;Ilse;Ilse.Löffler@test.de;
1000000695;Löffler;Ilse;Ilse.Löffler@test.de;50209
1000000695;Löffler;Ilse;Ilse.Löffler@test.de;50209
1000000695;Löffler;Ilse;Ilse.Löffler@test.de;50211
1000000695;Löffler;Ilse;Ilse.Löffler@test.de;50211
1000000699;Schröter;Johanna;Johanna.Schröter@test.de;
1000000699;Schröter;Johanna;Johanna.Schröter@test.de;
1000000699;Schröter;Johanna;Johanna.Schröter@test.de;
1000000699;Schröter;Johanna;Johanna.Schröter@test.de;
1000000699;Schröter;Johanna;Johanna.Schröter@test.de;
1000000699;Schröter;Johanna;Johanna.Schröter@test.de;50267
1000000699;Schröter;Johanna;Johanna.Schröter@test.de;50267
1000000699;Schröter;Johanna;Johanna.Schröter@test.de;50269
1000000699;Schröter;Johanna;Johanna.Schröter@test.de;50269
1000000712;Schwab;Marta;Marta.Schwab@test.de;
1000000712;Schwab;Marta;Marta.Schwab@test.de;
1000000712;Schwab;Marta;Marta.Schwab@test.de;
1000000712;Schwab;Marta;Marta.Schwab@test.de;
1000000712;Schwab;Marta;Marta.Schwab@test.de;
1000000712;Schwab;Marta;Marta.Schwab@test.de;35281
1000000712;Schwab;Marta;Marta.Schwab@test.de;35281
1000000712;Schwab;Marta;Marta.Schwab@test.de;35283
1000000712;Schwab;Marta;Marta.Schwab@test.de;35283
1000000712;Schwab;Marta;Marta.Schwab@test.de;35285
1000000726;Meißner;Alfred;Alfred.Meißner@test.de;
1000000726;Meißner;Alfred;Alfred.Meißner@test.de;
1000000726;Meißner;Alfred;Alfred.Meißner@test.de;
1000000726;Meißner;Alfred;Alfred.Meißner@test.de;
1000000726;Meißner;Alfred;Alfred.Meißner@test.de;44939
1000000726;Meißner;Alfred;Alfred.Meißner@test.de;44941
1000000726;Meißner;Alfred;Alfred.Meißner@test.de;44943
1000000726;Meißner;Alfred;Alfred.Meißner@test.de;44943
1000000809;Großmann;Clara;Clara.Großmann@test.de;
1000000809;Großmann;Clara;Clara.Großmann@test.de;
1000000809;Großmann;Clara;Clara.Großmann@test.de;47004
1000000809;Großmann;Clara;Clara.Großmann@test.de;47004
1000000762;Renner;Helene;Helene.Renner@test.de;
1000000762;Renner;Helene;Helene.Renner@test.de;
1000000762;Renner;Helene;Helene.Renner@test.de;
1000000762;Renner;Helene;Helene.Renner@test.de;42935
1000000762;Renner;Helene;Helene.Renner@test.de;42935
1000000762;Renner;Helene;Helene.Renner@test.de;42935
1000000787;Berndt;Marta;Marta.Berndt@test.de;
1000000787;Berndt;Marta;Marta.Berndt@test.de;
1000000787;Berndt;Marta;Marta.Berndt@test.de;
1000000787;Berndt;Marta;Marta.Berndt@test.de;
1000000787;Berndt;Marta;Marta.Berndt@test.de;52671
1000000787;Berndt;Marta;Marta.Berndt@test.de;52671
1000000787;Berndt;Marta;Marta.Berndt@test.de;52673
1000000787;Berndt;Marta;Marta.Berndt@test.de;52673
1000000844;Hess;Ida;Ida.Hess@test.de;
1000000844;Hess;Ida;Ida.Hess@test.de;
1000000844;Hess;Ida;Ida.Hess@test.de;44340
1000000844;Hess;Ida;Ida.Hess@test.de;44340
1000000862;Janßen;Marta;Marta.Janßen@test.de;
1000000862;Janßen;Marta;Marta.Janßen@test.de;
1000000862;Janßen;Marta;Marta.Janßen@test.de;
1000000862;Janßen;Marta;Marta.Janßen@test.de;42833
1000000862;Janßen;Marta;Marta.Janßen@test.de;42833
1000000889;Feldmann;Elisabeth;Elisabeth.Feldmann@test.de;
1000000889;Feldmann;Elisabeth;Elisabeth.Feldmann@test.de;
1000000889;Feldmann;Elisabeth;Elisabeth.Feldmann@test.de;
1000000889;Feldmann;Elisabeth;Elisabeth.Feldmann@test.de;
1000000889;Feldmann;Elisabeth;Elisabeth.Feldmann@test.de;
1000000889;Feldmann;Elisabeth;Elisabeth.Feldmann@test.de;35172
1000000889;Feldmann;Elisabeth;Elisabeth.Feldmann@test.de;35172
1000000892;Rupp;Emma;Emma.Rupp@test.de;
1000000892;Rupp;Emma;Emma.Rupp@test.de;
1000000892;Rupp;Emma;Emma.Rupp@test.de;47577
1000000892;Rupp;Emma;Emma.Rupp@test.de;47577
1000000893;Geißler;Erich;Erich.Geißler@test.de;
1000000893;Geißler;Erich;Erich.Geißler@test.de;
1000000893;Geißler;Erich;Erich.Geißler@test.de;
1000000914;Voss;Herbert;Herbert.Voss@test.de;
1000000914;Voss;Herbert;Herbert.Voss@test.de;
1000000927;Bertram;Käte;Käte.Bertram@test.de;
1000000927;Bertram;Käte;Käte.Bertram@test.de;
1000000927;Bertram;Käte;Käte.Bertram@test.de;
1000000927;Bertram;Käte;Käte.Bertram@test.de;
1000000927;Bertram;Käte;Käte.Bertram@test.de;55031
1000000927;Bertram;Käte;Käte.Bertram@test.de;55031
1000000929;Rapp;Kurt;Kurt.Rapp@test.de;
1000000929;Rapp;Kurt;Kurt.Rapp@test.de;
1000000929;Rapp;Kurt;Kurt.Rapp@test.de;37506
1000000929;Rapp;Kurt;Kurt.Rapp@test.de;37506
1000000964;Scheffler;Elisabeth;Elisabeth.Scheffler@test.de;
1000000979;Dorn;Gertrud;Gertrud.Dorn@test.de;
1000000979;Dorn;Gertrud;Gertrud.Dorn@test.de;
1000000979;Dorn;Gertrud;Gertrud.Dorn@test.de;
1000000979;Dorn;Gertrud;Gertrud.Dorn@test.de;
1000000979;Dorn;Gertrud;Gertrud.Dorn@test.de;
1000000979;Dorn;Gertrud;Gertrud.Dorn@test.de;46998
1000000979;Dorn;Gertrud;Gertrud.Dorn@test.de;46998
1000000985;Engels;Heinz;Heinz.Engels@test.de;
1000000985;Engels;Heinz;Heinz.Engels@test.de;
1000000987;Reimer;Helene;Helene.Reimer@test.de;
1000000987;Reimer;Helene;Helene.Reimer@test.de;
1000000987;Reimer;Helene;Helene.Reimer@test.de;
1000000987;Reimer;Helene;Helene.Reimer@test.de;
1000000987;Reimer;Helene;Helene.Reimer@test.de;
1000000987;Reimer;Helene;Helene.Reimer@test.de;
1000000987;Reimer;Helene;Helene.Reimer@test.de;49260
1000000987;Reimer;Helene;Helene.Reimer@test.de;49260
1000001003;Gebauer;Klaus ;Klaus .Gebauer@test.de;
1000001003;Gebauer;Klaus ;Klaus .Gebauer@test.de;
1000001008;Schuler;Margarethe;Margarethe.Schuler@test.de;
1000001008;Schuler;Margarethe;Margarethe.Schuler@test.de;
1000001062;Finke;Helene;Helene.Finke@test.de;
1000001062;Finke;Helene;Helene.Finke@test.de;40951
1000001070;Volk;Ilse;Ilse.Volk@test.de;
1000001070;Volk;Ilse;Ilse.Volk@test.de;
1000001070;Volk;Ilse;Ilse.Volk@test.de;52502
1000001070;Volk;Ilse;Ilse.Volk@test.de;52502
1000001081;Schütt;Louise;Louise.Schütt@test.de;
1000001081;Schütt;Louise;Louise.Schütt@test.de;
1000001081;Schütt;Louise;Louise.Schütt@test.de;
1000001081;Schütt;Louise;Louise.Schütt@test.de;43557
1000001085;Schaefer;Maria;Maria.Schaefer@test.de;
1000001085;Schaefer;Maria;Maria.Schaefer@test.de;
1000001085;Schaefer;Maria;Maria.Schaefer@test.de;
1000001085;Schaefer;Maria;Maria.Schaefer@test.de;
1000001085;Schaefer;Maria;Maria.Schaefer@test.de;38792
1000001085;Schaefer;Maria;Maria.Schaefer@test.de;38792
1000001088;Fritzsche;Max;Max.Fritzsche@test.de;
1000001088;Fritzsche;Max;Max.Fritzsche@test.de;39849
1000001089;Kilian;Otto;Otto.Kilian@test.de;
1000001089;Kilian;Otto;Otto.Kilian@test.de;
1000001089;Kilian;Otto;Otto.Kilian@test.de;
1000001089;Kilian;Otto;Otto.Kilian@test.de;51307
1000001089;Kilian;Otto;Otto.Kilian@test.de;51307
1000001094;Paulus;Ursula;Ursula.Paulus@test.de;
1000001094;Paulus;Ursula;Ursula.Paulus@test.de;
1000001094;Paulus;Ursula;Ursula.Paulus@test.de;
1000001094;Paulus;Ursula;Ursula.Paulus@test.de;
1000001099;Koller;Willi;Willi.Koller@test.de;
1000001099;Koller;Willi;Willi.Koller@test.de;
1000001099;Koller;Willi;Willi.Koller@test.de;46676
1000001099;Koller;Willi;Willi.Koller@test.de;46676
1000001101;Höhne;Alfred;Alfred.Höhne@test.de;
1000001101;Höhne;Alfred;Alfred.Höhne@test.de;
1000001101;Höhne;Alfred;Alfred.Höhne@test.de;
1000001101;Höhne;Alfred;Alfred.Höhne@test.de;
1000001101;Höhne;Alfred;Alfred.Höhne@test.de;
1000001101;Höhne;Alfred;Alfred.Höhne@test.de;35536
1000001101;Höhne;Alfred;Alfred.Höhne@test.de;35536
1000001104;Ullmann;Arthur;Arthur.Ullmann@test.de;
1000001104;Ullmann;Arthur;Arthur.Ullmann@test.de;
1000001104;Ullmann;Arthur;Arthur.Ullmann@test.de;53070
1000001104;Ullmann;Arthur;Arthur.Ullmann@test.de;53070
1000001105;Jensen;Berta;Berta.Jensen@test.de;
1000001105;Jensen;Berta;Berta.Jensen@test.de;
1000001105;Jensen;Berta;Berta.Jensen@test.de;
1000001105;Jensen;Berta;Berta.Jensen@test.de;
1000001105;Jensen;Berta;Berta.Jensen@test.de;43389
1000001105;Jensen;Berta;Berta.Jensen@test.de;43389
1000001109;Eckhardt;Clara;Clara.Eckhardt@test.de;
1000001109;Eckhardt;Clara;Clara.Eckhardt@test.de;
1000001109;Eckhardt;Clara;Clara.Eckhardt@test.de;48957
1000001109;Eckhardt;Clara;Clara.Eckhardt@test.de;48957
1000001127;Behr;Gerda;Gerda.Behr@test.de;
1000001127;Behr;Gerda;Gerda.Behr@test.de;
1000001127;Behr;Gerda;Gerda.Behr@test.de;
1000001127;Behr;Gerda;Gerda.Behr@test.de;
1000001127;Behr;Gerda;Gerda.Behr@test.de;
1000001127;Behr;Gerda;Gerda.Behr@test.de;
1000001127;Behr;Gerda;Gerda.Behr@test.de;
1000001127;Behr;Gerda;Gerda.Behr@test.de;
1000001127;Behr;Gerda;Gerda.Behr@test.de;
1000001127;Behr;Gerda;Gerda.Behr@test.de;
1000001127;Behr;Gerda;Gerda.Behr@test.de;
1000001127;Behr;Gerda;Gerda.Behr@test.de;
1000001127;Behr;Gerda;Gerda.Behr@test.de;
1000001127;Behr;Gerda;Gerda.Behr@test.de;
1000001127;Behr;Gerda;Gerda.Behr@test.de;
1000001127;Behr;Gerda;Gerda.Behr@test.de;
1000001127;Behr;Gerda;Gerda.Behr@test.de;
1000001127;Behr;Gerda;Gerda.Behr@test.de;
1000001127;Behr;Gerda;Gerda.Behr@test.de;33805
1000001127;Behr;Gerda;Gerda.Behr@test.de;33805
1000001133;Groth;Harry;Harry.Groth@test.de;
1000001133;Groth;Harry;Harry.Groth@test.de;
1000001133;Groth;Harry;Harry.Groth@test.de;
1000001133;Groth;Harry;Harry.Groth@test.de;
1000001133;Groth;Harry;Harry.Groth@test.de;50249
1000001133;Groth;Harry;Harry.Groth@test.de;50249
1000001134;Hecker;Hedwig;Hedwig.Hecker@test.de;
1000001134;Hecker;Hedwig;Hedwig.Hecker@test.de;
1000001134;Hecker;Hedwig;Hedwig.Hecker@test.de;
1000001134;Hecker;Hedwig;Hedwig.Hecker@test.de;
1000001134;Hecker;Hedwig;Hedwig.Hecker@test.de;
1000001134;Hecker;Hedwig;Hedwig.Hecker@test.de;
1000001134;Hecker;Hedwig;Hedwig.Hecker@test.de;39191
1000001134;Hecker;Hedwig;Hedwig.Hecker@test.de;39191
1000001135;Weiler;Heinz;Heinz.Weiler@test.de;
1000001135;Weiler;Heinz;Heinz.Weiler@test.de;
1000001135;Weiler;Heinz;Heinz.Weiler@test.de;33190
1000001135;Weiler;Heinz;Heinz.Weiler@test.de;33190
1000001137;Rost;Helene;Helene.Rost@test.de;
1000001137;Rost;Helene;Helene.Rost@test.de;
1000001137;Rost;Helene;Helene.Rost@test.de;
1000001137;Rost;Helene;Helene.Rost@test.de;
1000001137;Rost;Helene;Helene.Rost@test.de;
1000001137;Rost;Helene;Helene.Rost@test.de;41786
1000001137;Rost;Helene;Helene.Rost@test.de;41786
1000001139;Claus;Herbert;Herbert.Claus@test.de;
1000001140;Hildebrand;Hermann;Hermann.Hildebrand@test.de;
1000001140;Hildebrand;Hermann;Hermann.Hildebrand@test.de;
1000001145;Kurth;Ilse;Ilse.Kurth@test.de;
1000001145;Kurth;Ilse;Ilse.Kurth@test.de;
1000001152;Heimann;Käte;Käte.Heimann@test.de;
1000001152;Heimann;Käte;Käte.Heimann@test.de;
1000001152;Heimann;Käte;Käte.Heimann@test.de;33446
1000001152;Heimann;Käte;Käte.Heimann@test.de;33446
1000001155;Uhl;Lieselotte;Lieselotte.Uhl@test.de;
1000001155;Uhl;Lieselotte;Lieselotte.Uhl@test.de;
1000001155;Uhl;Lieselotte;Lieselotte.Uhl@test.de;33663
1000001155;Uhl;Lieselotte;Lieselotte.Uhl@test.de;33663
1000001158;Hellmann;Margarethe;Margarethe.Hellmann@test.de;
1000001158;Hellmann;Margarethe;Margarethe.Hellmann@test.de;
1000000061;Bosse;Curt;Curt.Bosse@test.de;
1000000061;Bosse;Curt;Curt.Bosse@test.de;
1000000061;Bosse;Curt;Curt.Bosse@test.de;40717
1000000061;Bosse;Curt;Curt.Bosse@test.de;40717
1000000067;Deutsch;Emma;Emma.Deutsch@test.de;
1000000067;Deutsch;Emma;Emma.Deutsch@test.de;
1000000067;Deutsch;Emma;Emma.Deutsch@test.de;
1000000067;Deutsch;Emma;Emma.Deutsch@test.de;
1000000067;Deutsch;Emma;Emma.Deutsch@test.de;49807
1000000067;Deutsch;Emma;Emma.Deutsch@test.de;49807
1000000070;Rösner;Erna;Erna.Rösner@test.de;
1000000070;Rösner;Erna;Erna.Rösner@test.de;
1000000070;Rösner;Erna;Erna.Rösner@test.de;
1000000070;Rösner;Erna;Erna.Rösner@test.de;
1000000070;Rösner;Erna;Erna.Rösner@test.de;42696
1000000070;Rösner;Erna;Erna.Rösner@test.de;42696
1000000093;Weinmann;Horst;Horst.Weinmann@test.de;
1000000093;Weinmann;Horst;Horst.Weinmann@test.de;
1000000093;Weinmann;Horst;Horst.Weinmann@test.de;
1000000093;Weinmann;Horst;Horst.Weinmann@test.de;
1000000093;Weinmann;Horst;Horst.Weinmann@test.de;
1000000093;Weinmann;Horst;Horst.Weinmann@test.de;32687
1000000093;Weinmann;Horst;Horst.Weinmann@test.de;32687
1000000103;Gerhard;Klaus ;Klaus .Gerhard@test.de;
1000000103;Gerhard;Klaus ;Klaus .Gerhard@test.de;
1000000103;Gerhard;Klaus ;Klaus .Gerhard@test.de;
1000000103;Gerhard;Klaus ;Klaus .Gerhard@test.de;8640
1000000103;Gerhard;Klaus ;Klaus .Gerhard@test.de;8640
1000000163;Biedermann;Helga;Helga.Biedermann@test.de;
1000000200;Kohn;Wolfgang;Wolfgang.Kohn@test.de;
1000000211;Knop;Curt;Curt.Knop@test.de;
1000000211;Knop;Curt;Curt.Knop@test.de;
1000000211;Knop;Curt;Curt.Knop@test.de;
1000000211;Knop;Curt;Curt.Knop@test.de;35730
1000000211;Knop;Curt;Curt.Knop@test.de;35730
1000000444;Rott;Erika;Erika.Rott@test.de;49037
1000000451;Leopold;Georg;Georg.Leopold@test.de;
1000000451;Leopold;Georg;Georg.Leopold@test.de;
1000000451;Leopold;Georg;Georg.Leopold@test.de;
1000000451;Leopold;Georg;Georg.Leopold@test.de;
1000000451;Leopold;Georg;Georg.Leopold@test.de;
1000000451;Leopold;Georg;Georg.Leopold@test.de;58564
1000000458;List;Harry;Harry.List@test.de;
1000000458;List;Harry;Harry.List@test.de;
1000000459;Czech;Hedwig;Hedwig.Czech@test.de;
1000000459;Czech;Hedwig;Hedwig.Czech@test.de;
1000000310;Deppe;Heinz;Heinz.Deppe@test.de;
1000000310;Deppe;Heinz;Heinz.Deppe@test.de;
1000000310;Deppe;Heinz;Heinz.Deppe@test.de;
1000000310;Deppe;Heinz;Heinz.Deppe@test.de;
1000000310;Deppe;Heinz;Heinz.Deppe@test.de;
1000000310;Deppe;Heinz;Heinz.Deppe@test.de;
1000000310;Deppe;Heinz;Heinz.Deppe@test.de;
1000000310;Deppe;Heinz;Heinz.Deppe@test.de;
1000000310;Deppe;Heinz;Heinz.Deppe@test.de;
1000000310;Deppe;Heinz;Heinz.Deppe@test.de;
1000000310;Deppe;Heinz;Heinz.Deppe@test.de;
1000000310;Deppe;Heinz;Heinz.Deppe@test.de;
1000000310;Deppe;Heinz;Heinz.Deppe@test.de;
1000000310;Deppe;Heinz;Heinz.Deppe@test.de;
1000000310;Deppe;Heinz;Heinz.Deppe@test.de;
1000000310;Deppe;Heinz;Heinz.Deppe@test.de;
1000000310;Deppe;Heinz;Heinz.Deppe@test.de;
1000000310;Deppe;Heinz;Heinz.Deppe@test.de;
1000000310;Deppe;Heinz;Heinz.Deppe@test.de;
1000000310;Deppe;Heinz;Heinz.Deppe@test.de;
1000000310;Deppe;Heinz;Heinz.Deppe@test.de;
1000000310;Deppe;Heinz;Heinz.Deppe@test.de;
1000000310;Deppe;Heinz;Heinz.Deppe@test.de;
1000000310;Deppe;Heinz;Heinz.Deppe@test.de;
1000000310;Deppe;Heinz;Heinz.Deppe@test.de;
1000000310;Deppe;Heinz;Heinz.Deppe@test.de;42563
1000000310;Deppe;Heinz;Heinz.Deppe@test.de;42563
1000000310;Deppe;Heinz;Heinz.Deppe@test.de;42565
1000000310;Deppe;Heinz;Heinz.Deppe@test.de;42565
1000000310;Deppe;Heinz;Heinz.Deppe@test.de;42568
1000000310;Deppe;Heinz;Heinz.Deppe@test.de;42568
1000000332;Christoph;Manfred;Manfred.Christoph@test.de;
1000000332;Christoph;Manfred;Manfred.Christoph@test.de;
1000000372;Strack;Franz;Franz.Strack@test.de;
1000000396;Willms;Ingeborg;Ingeborg.Willms@test.de;
1000000396;Willms;Ingeborg;Ingeborg.Willms@test.de;
1000000396;Willms;Ingeborg;Ingeborg.Willms@test.de;
1000000396;Willms;Ingeborg;Ingeborg.Willms@test.de;
1000000396;Willms;Ingeborg;Ingeborg.Willms@test.de;
1000000396;Willms;Ingeborg;Ingeborg.Willms@test.de;
1000000396;Willms;Ingeborg;Ingeborg.Willms@test.de;
1000000396;Willms;Ingeborg;Ingeborg.Willms@test.de;
1000000396;Willms;Ingeborg;Ingeborg.Willms@test.de;44047
1000000396;Willms;Ingeborg;Ingeborg.Willms@test.de;44047
1000000399;Ludewig;Johanna;Johanna.Ludewig@test.de;
1000000399;Ludewig;Johanna;Johanna.Ludewig@test.de;
1000000399;Ludewig;Johanna;Johanna.Ludewig@test.de;
1000000399;Ludewig;Johanna;Johanna.Ludewig@test.de;
1000000399;Ludewig;Johanna;Johanna.Ludewig@test.de;
1000000399;Ludewig;Johanna;Johanna.Ludewig@test.de;
1000000399;Ludewig;Johanna;Johanna.Ludewig@test.de;
1000000399;Ludewig;Johanna;Johanna.Ludewig@test.de;
1000000399;Ludewig;Johanna;Johanna.Ludewig@test.de;
1000000399;Ludewig;Johanna;Johanna.Ludewig@test.de;
1000000399;Ludewig;Johanna;Johanna.Ludewig@test.de;
1000000399;Ludewig;Johanna;Johanna.Ludewig@test.de;40115
1000000399;Ludewig;Johanna;Johanna.Ludewig@test.de;40115
1000000404;Willems;Kurt;Kurt.Willems@test.de;
1000000404;Willems;Kurt;Kurt.Willems@test.de;
1000000404;Willems;Kurt;Kurt.Willems@test.de;
1000000404;Willems;Kurt;Kurt.Willems@test.de;
1000000404;Willems;Kurt;Kurt.Willems@test.de;
1000000404;Willems;Kurt;Kurt.Willems@test.de;
1000000404;Willems;Kurt;Kurt.Willems@test.de;
1000000404;Willems;Kurt;Kurt.Willems@test.de;38062
1000000404;Willems;Kurt;Kurt.Willems@test.de;38062
1000000412;Frings;Marta;Marta.Frings@test.de;
1000000412;Frings;Marta;Marta.Frings@test.de;
1000000434;Salomon;Clara;Clara.Salomon@test.de;
1000000434;Salomon;Clara;Clara.Salomon@test.de;
1000000444;Rott;Erika;Erika.Rott@test.de;
1000000444;Rott;Erika;Erika.Rott@test.de;
1000000444;Rott;Erika;Erika.Rott@test.de;49037
1000000460;Preis;Heinz;Heinz.Preis@test.de;
1000000460;Preis;Heinz;Heinz.Preis@test.de;
1000000460;Preis;Heinz;Heinz.Preis@test.de;
1000000460;Preis;Heinz;Heinz.Preis@test.de;
1000000460;Preis;Heinz;Heinz.Preis@test.de;
1000000460;Preis;Heinz;Heinz.Preis@test.de;43565
1000000460;Preis;Heinz;Heinz.Preis@test.de;43565
1000000466;Gerstner;Herta;Herta.Gerstner@test.de;
1000000466;Gerstner;Herta;Herta.Gerstner@test.de;
1000000466;Gerstner;Herta;Herta.Gerstner@test.de;
1000000466;Gerstner;Herta;Herta.Gerstner@test.de;
1000000466;Gerstner;Herta;Herta.Gerstner@test.de;
1000000466;Gerstner;Herta;Herta.Gerstner@test.de;
1000000466;Gerstner;Herta;Herta.Gerstner@test.de;
1000000466;Gerstner;Herta;Herta.Gerstner@test.de;
1000000466;Gerstner;Herta;Herta.Gerstner@test.de;
1000000466;Gerstner;Herta;Herta.Gerstner@test.de;3312
1000000466;Gerstner;Herta;Herta.Gerstner@test.de;3312
1000000476;Krauss;Karlheinz;Karlheinz.Krauss@test.de;
1000000476;Krauss;Karlheinz;Karlheinz.Krauss@test.de;
1000000476;Krauss;Karlheinz;Karlheinz.Krauss@test.de;33578
1000000476;Krauss;Karlheinz;Karlheinz.Krauss@test.de;33578
1000000472;Fischbach;Irmgard;Irmgard.Fischbach@test.de;
1000000472;Fischbach;Irmgard;Irmgard.Fischbach@test.de;
1000000472;Fischbach;Irmgard;Irmgard.Fischbach@test.de;
1000000472;Fischbach;Irmgard;Irmgard.Fischbach@test.de;
1000000472;Fischbach;Irmgard;Irmgard.Fischbach@test.de;
1000000472;Fischbach;Irmgard;Irmgard.Fischbach@test.de;
1000000472;Fischbach;Irmgard;Irmgard.Fischbach@test.de;
1000000472;Fischbach;Irmgard;Irmgard.Fischbach@test.de;
1000000472;Fischbach;Irmgard;Irmgard.Fischbach@test.de;
1000000472;Fischbach;Irmgard;Irmgard.Fischbach@test.de;
1000000472;Fischbach;Irmgard;Irmgard.Fischbach@test.de;
1000000472;Fischbach;Irmgard;Irmgard.Fischbach@test.de;
1000000543;Peters;Horst;Horst.Peters@test.de;
1000000543;Peters;Horst;Horst.Peters@test.de;
1000000543;Peters;Horst;Horst.Peters@test.de;
1000000555;Winkler;Lieselotte;Lieselotte.Winkler@test.de;
1000000561;Baumann;Marie;Marie.Baumann@test.de;
1000000561;Baumann;Marie;Marie.Baumann@test.de;
1000000561;Baumann;Marie;Marie.Baumann@test.de;
1000000647;Schütz;Werner;Werner.Schütz@test.de;
1000000647;Schütz;Werner;Werner.Schütz@test.de;
1000000647;Schütz;Werner;Werner.Schütz@test.de;56822
1000000647;Schütz;Werner;Werner.Schütz@test.de;56822
1000000791;Hammer;Richard;Richard.Hammer@test.de;
1000000805;Kröger;Berta;Berta.Kröger@test.de;
1000000805;Kröger;Berta;Berta.Kröger@test.de;
1000000747;Kohl;Franz;Franz.Kohl@test.de;
1000000747;Kohl;Franz;Franz.Kohl@test.de;
1000000747;Kohl;Franz;Franz.Kohl@test.de;
1000000747;Kohl;Franz;Franz.Kohl@test.de;
1000000747;Kohl;Franz;Franz.Kohl@test.de;
1000000825;Karl;Fritz;Fritz.Karl@test.de;
1000000825;Karl;Fritz;Fritz.Karl@test.de;
1000000825;Karl;Fritz;Fritz.Karl@test.de;
1000000825;Karl;Fritz;Fritz.Karl@test.de;
1000000825;Karl;Fritz;Fritz.Karl@test.de;40150
1000000825;Karl;Fritz;Fritz.Karl@test.de;40150
1000000828;Hamann;Gerhard;Gerhard.Hamann@test.de;
1000000828;Hamann;Gerhard;Gerhard.Hamann@test.de;
1000000851;Bode;Karlheinz;Karlheinz.Bode@test.de;
1000000851;Bode;Karlheinz;Karlheinz.Bode@test.de;
1000000851;Bode;Karlheinz;Karlheinz.Bode@test.de;
1000000851;Bode;Karlheinz;Karlheinz.Bode@test.de;35188
1000000851;Bode;Karlheinz;Karlheinz.Bode@test.de;35188
1000000879;Wegener;Arthur;Arthur.Wegener@test.de;
1000000879;Wegener;Arthur;Arthur.Wegener@test.de;
1000000879;Wegener;Arthur;Arthur.Wegener@test.de;56976
1000000879;Wegener;Arthur;Arthur.Wegener@test.de;56976
1000000886;Diehl;Curt;Curt.Diehl@test.de;
1000000886;Diehl;Curt;Curt.Diehl@test.de;
1000000886;Diehl;Curt;Curt.Diehl@test.de;
1000000904;Seiler;Gertrud;Gertrud.Seiler@test.de;
1000000904;Seiler;Gertrud;Gertrud.Seiler@test.de;
1000000904;Seiler;Gertrud;Gertrud.Seiler@test.de;
1000000924;Sonntag;Johanna;Johanna.Sonntag@test.de;
1000000924;Sonntag;Johanna;Johanna.Sonntag@test.de;
1000000924;Sonntag;Johanna;Johanna.Sonntag@test.de;
1000000924;Sonntag;Johanna;Johanna.Sonntag@test.de;
1000000924;Sonntag;Johanna;Johanna.Sonntag@test.de;
1000000924;Sonntag;Johanna;Johanna.Sonntag@test.de;
1000000924;Sonntag;Johanna;Johanna.Sonntag@test.de;
1000000924;Sonntag;Johanna;Johanna.Sonntag@test.de;
1000000924;Sonntag;Johanna;Johanna.Sonntag@test.de;
1000000924;Sonntag;Johanna;Johanna.Sonntag@test.de;
1000001025;Frenzel;Wolfgang;Wolfgang.Frenzel@test.de;
1000001066;Rath;Herta;Herta.Rath@test.de;
1000001090;Eggers;Paul;Paul.Eggers@test.de;
1000001090;Eggers;Paul;Paul.Eggers@test.de;
1000001090;Eggers;Paul;Paul.Eggers@test.de;47906
1000001090;Eggers;Paul;Paul.Eggers@test.de;47906
1000001144;Blume;Ida;Ida.Blume@test.de;
1000001144;Blume;Ida;Ida.Blume@test.de;
1000001144;Blume;Ida;Ida.Blume@test.de;
1000001144;Blume;Ida;Ida.Blume@test.de;
1000001144;Blume;Ida;Ida.Blume@test.de;50447
1000001144;Blume;Ida;Ida.Blume@test.de;50447
1000001154;Schlosser;Kurt;Kurt.Schlosser@test.de;
1000001154;Schlosser;Kurt;Kurt.Schlosser@test.de;
1000001154;Schlosser;Kurt;Kurt.Schlosser@test.de;
1000001154;Schlosser;Kurt;Kurt.Schlosser@test.de;
1000001154;Schlosser;Kurt;Kurt.Schlosser@test.de;
1000001154;Schlosser;Kurt;Kurt.Schlosser@test.de;36366
1000001154;Schlosser;Kurt;Kurt.Schlosser@test.de;36366
1000000042;Holzapfel;Rudolf;Rudolf.Holzapfel@test.de;
1000000042;Holzapfel;Rudolf;Rudolf.Holzapfel@test.de;
1000000042;Holzapfel;Rudolf;Rudolf.Holzapfel@test.de;39233
1000000042;Holzapfel;Rudolf;Rudolf.Holzapfel@test.de;39233
1000000064;Holst;Elisabeth;Elisabeth.Holst@test.de;
1000000064;Holst;Elisabeth;Elisabeth.Holst@test.de;
1000000069;Rosenthal;Erika;Erika.Rosenthal@test.de;
1000000069;Rosenthal;Erika;Erika.Rosenthal@test.de;
1000000069;Rosenthal;Erika;Erika.Rosenthal@test.de;
1000000069;Rosenthal;Erika;Erika.Rosenthal@test.de;38359
1000000069;Rosenthal;Erika;Erika.Rosenthal@test.de;38359
1000000085;Kammerer;Heinz;Heinz.Kammerer@test.de;
1000000085;Kammerer;Heinz;Heinz.Kammerer@test.de;
1000000092;Kober;Hildegard;Hildegard.Kober@test.de;
1000000092;Kober;Hildegard;Hildegard.Kober@test.de;
1000000092;Kober;Hildegard;Hildegard.Kober@test.de;45317
1000000092;Kober;Hildegard;Hildegard.Kober@test.de;45317
1000000097;Wilken;Irmgard;Irmgard.Wilken@test.de;
1000000097;Wilken;Irmgard;Irmgard.Wilken@test.de;
1000000097;Wilken;Irmgard;Irmgard.Wilken@test.de;
1000000097;Wilken;Irmgard;Irmgard.Wilken@test.de;31055
1000000097;Wilken;Irmgard;Irmgard.Wilken@test.de;45486
1000000097;Wilken;Irmgard;Irmgard.Wilken@test.de;45486
1000000119;Zabel;Ursula;Ursula.Zabel@test.de;
1000000119;Zabel;Ursula;Ursula.Zabel@test.de;
1000000119;Zabel;Ursula;Ursula.Zabel@test.de;
1000000119;Zabel;Ursula;Ursula.Zabel@test.de;
1000000119;Zabel;Ursula;Ursula.Zabel@test.de;40542
1000000119;Zabel;Ursula;Ursula.Zabel@test.de;40542
1000000119;Zabel;Ursula;Ursula.Zabel@test.de;40544
1000000119;Zabel;Ursula;Ursula.Zabel@test.de;40544
1000000125;Kuhl;Wolfgang;Wolfgang.Kuhl@test.de;
1000000125;Kuhl;Wolfgang;Wolfgang.Kuhl@test.de;
1000000125;Kuhl;Wolfgang;Wolfgang.Kuhl@test.de;
1000000125;Kuhl;Wolfgang;Wolfgang.Kuhl@test.de;
1000000125;Kuhl;Wolfgang;Wolfgang.Kuhl@test.de;
1000000125;Kuhl;Wolfgang;Wolfgang.Kuhl@test.de;
1000000125;Kuhl;Wolfgang;Wolfgang.Kuhl@test.de;
1000000125;Kuhl;Wolfgang;Wolfgang.Kuhl@test.de;
1000000125;Kuhl;Wolfgang;Wolfgang.Kuhl@test.de;
1000000125;Kuhl;Wolfgang;Wolfgang.Kuhl@test.de;
1000000125;Kuhl;Wolfgang;Wolfgang.Kuhl@test.de;
1000000125;Kuhl;Wolfgang;Wolfgang.Kuhl@test.de;
1000000125;Kuhl;Wolfgang;Wolfgang.Kuhl@test.de;
1000000125;Kuhl;Wolfgang;Wolfgang.Kuhl@test.de;
1000000125;Kuhl;Wolfgang;Wolfgang.Kuhl@test.de;
1000000125;Kuhl;Wolfgang;Wolfgang.Kuhl@test.de;
1000000125;Kuhl;Wolfgang;Wolfgang.Kuhl@test.de;
1000000125;Kuhl;Wolfgang;Wolfgang.Kuhl@test.de;11596
1000000125;Kuhl;Wolfgang;Wolfgang.Kuhl@test.de;11596
1000000125;Kuhl;Wolfgang;Wolfgang.Kuhl@test.de;46314
1000000125;Kuhl;Wolfgang;Wolfgang.Kuhl@test.de;46314
1000000125;Kuhl;Wolfgang;Wolfgang.Kuhl@test.de;46316
1000000125;Kuhl;Wolfgang;Wolfgang.Kuhl@test.de;46316
1000000125;Kuhl;Wolfgang;Wolfgang.Kuhl@test.de;46318
1000000125;Kuhl;Wolfgang;Wolfgang.Kuhl@test.de;46318
1000000125;Kuhl;Wolfgang;Wolfgang.Kuhl@test.de;46320
1000000125;Kuhl;Wolfgang;Wolfgang.Kuhl@test.de;46320
1000000125;Kuhl;Wolfgang;Wolfgang.Kuhl@test.de;46617
1000000125;Kuhl;Wolfgang;Wolfgang.Kuhl@test.de;46617
1000000145;Hain;Erna;Erna.Hain@test.de;
1000000145;Hain;Erna;Erna.Hain@test.de;
1000000145;Hain;Erna;Erna.Hain@test.de;
1000000145;Hain;Erna;Erna.Hain@test.de;
1000000145;Hain;Erna;Erna.Hain@test.de;
1000000145;Hain;Erna;Erna.Hain@test.de;
1000000145;Hain;Erna;Erna.Hain@test.de;
1000000145;Hain;Erna;Erna.Hain@test.de;
1000000145;Hain;Erna;Erna.Hain@test.de;
1000000145;Hain;Erna;Erna.Hain@test.de;
1000000145;Hain;Erna;Erna.Hain@test.de;
1000000145;Hain;Erna;Erna.Hain@test.de;33693
1000000145;Hain;Erna;Erna.Hain@test.de;33693
1000000145;Hain;Erna;Erna.Hain@test.de;33695
1000000145;Hain;Erna;Erna.Hain@test.de;33695
1000000145;Hain;Erna;Erna.Hain@test.de;33699
1000000145;Hain;Erna;Erna.Hain@test.de;33699
1000000145;Hain;Erna;Erna.Hain@test.de;33701
1000000145;Hain;Erna;Erna.Hain@test.de;33701
1000000145;Hain;Erna;Erna.Hain@test.de;55285
1000000145;Hain;Erna;Erna.Hain@test.de;55285
1000000165;Buhl;Hermann;Hermann.Buhl@test.de;
1000000174;Baron;Johanna;Johanna.Baron@test.de;
1000000174;Baron;Johanna;Johanna.Baron@test.de;
1000000174;Baron;Johanna;Johanna.Baron@test.de;
1000000174;Baron;Johanna;Johanna.Baron@test.de;47212
1000000174;Baron;Johanna;Johanna.Baron@test.de;83238
1000000174;Baron;Johanna;Johanna.Baron@test.de;85110
1000000178;Aydin;Klaus ;Klaus .Aydin@test.de;
1000000178;Aydin;Klaus ;Klaus .Aydin@test.de;
1000000178;Aydin;Klaus ;Klaus .Aydin@test.de;40457
1000000178;Aydin;Klaus ;Klaus .Aydin@test.de;40457
1000000183;Hofmeister;Margarethe;Margarethe.Hofmeister@test.de;
1000000183;Hofmeister;Margarethe;Margarethe.Hofmeister@test.de;
1000000183;Hofmeister;Margarethe;Margarethe.Hofmeister@test.de;
1000000183;Hofmeister;Margarethe;Margarethe.Hofmeister@test.de;
1000000183;Hofmeister;Margarethe;Margarethe.Hofmeister@test.de;40525
1000000183;Hofmeister;Margarethe;Margarethe.Hofmeister@test.de;40525
1000000188;Mundt;Max;Max.Mundt@test.de;
1000000188;Mundt;Max;Max.Mundt@test.de;
1000000188;Mundt;Max;Max.Mundt@test.de;
1000000188;Mundt;Max;Max.Mundt@test.de;
1000000188;Mundt;Max;Max.Mundt@test.de;
1000000188;Mundt;Max;Max.Mundt@test.de;
1000000188;Mundt;Max;Max.Mundt@test.de;
1000000188;Mundt;Max;Max.Mundt@test.de;
1000000188;Mundt;Max;Max.Mundt@test.de;
1000000188;Mundt;Max;Max.Mundt@test.de;
1000000188;Mundt;Max;Max.Mundt@test.de;
1000000188;Mundt;Max;Max.Mundt@test.de;
1000000188;Mundt;Max;Max.Mundt@test.de;
1000000188;Mundt;Max;Max.Mundt@test.de;
1000000188;Mundt;Max;Max.Mundt@test.de;
1000000188;Mundt;Max;Max.Mundt@test.de;
1000000188;Mundt;Max;Max.Mundt@test.de;52211
1000000188;Mundt;Max;Max.Mundt@test.de;52211
1000000188;Mundt;Max;Max.Mundt@test.de;52213
1000000188;Mundt;Max;Max.Mundt@test.de;52213
1000000188;Mundt;Max;Max.Mundt@test.de;52215
1000000188;Mundt;Max;Max.Mundt@test.de;52215
1000000188;Mundt;Max;Max.Mundt@test.de;52217
1000000188;Mundt;Max;Max.Mundt@test.de;52217
1000000188;Mundt;Max;Max.Mundt@test.de;52219
1000000188;Mundt;Max;Max.Mundt@test.de;52219
1000000188;Mundt;Max;Max.Mundt@test.de;52221
1000000188;Mundt;Max;Max.Mundt@test.de;52221
1000000188;Mundt;Max;Max.Mundt@test.de;52223
1000000188;Mundt;Max;Max.Mundt@test.de;52223
1000000188;Mundt;Max;Max.Mundt@test.de;52225
1000000188;Mundt;Max;Max.Mundt@test.de;52225
1000000212;Timmermann;Edith;Edith.Timmermann@test.de;
1000000212;Timmermann;Edith;Edith.Timmermann@test.de;
1000000212;Timmermann;Edith;Edith.Timmermann@test.de;51067
1000000212;Timmermann;Edith;Edith.Timmermann@test.de;51067
1000000227;Yildirim;Gerda;Gerda.Yildirim@test.de;
1000000227;Yildirim;Gerda;Gerda.Yildirim@test.de;
1000000227;Yildirim;Gerda;Gerda.Yildirim@test.de;
1000000227;Yildirim;Gerda;Gerda.Yildirim@test.de;45593
1000000227;Yildirim;Gerda;Gerda.Yildirim@test.de;45593
1000000239;Radke;Herbert;Herbert.Radke@test.de;
1000000239;Radke;Herbert;Herbert.Radke@test.de;
1000000258;Franken;Margarethe;Margarethe.Franken@test.de;
1000000258;Franken;Margarethe;Margarethe.Franken@test.de;
1000000258;Franken;Margarethe;Margarethe.Franken@test.de;
1000000258;Franken;Margarethe;Margarethe.Franken@test.de;
1000000258;Franken;Margarethe;Margarethe.Franken@test.de;
1000000258;Franken;Margarethe;Margarethe.Franken@test.de;
1000000258;Franken;Margarethe;Margarethe.Franken@test.de;38589
1000000258;Franken;Margarethe;Margarethe.Franken@test.de;38589
1000000258;Franken;Margarethe;Margarethe.Franken@test.de;38591
1000000258;Franken;Margarethe;Margarethe.Franken@test.de;38591
1000000258;Franken;Margarethe;Margarethe.Franken@test.de;38593
1000000258;Franken;Margarethe;Margarethe.Franken@test.de;38593
1000000285;Tischer;Claus;Claus.Tischer@test.de;
1000000285;Tischer;Claus;Claus.Tischer@test.de;
1000000285;Tischer;Claus;Claus.Tischer@test.de;
1000000285;Tischer;Claus;Claus.Tischer@test.de;
1000000285;Tischer;Claus;Claus.Tischer@test.de;
1000000285;Tischer;Claus;Claus.Tischer@test.de;
1000000285;Tischer;Claus;Claus.Tischer@test.de;49349
1000000285;Tischer;Claus;Claus.Tischer@test.de;49349
1000000307;Strecker;Hans;Hans.Strecker@test.de;
1000000307;Strecker;Hans;Hans.Strecker@test.de;
1000000307;Strecker;Hans;Hans.Strecker@test.de;46328
1000000307;Strecker;Hans;Hans.Strecker@test.de;46328
1000000307;Strecker;Hans;Hans.Strecker@test.de;46329
1000000307;Strecker;Hans;Hans.Strecker@test.de;46329
1000000310;Deppe;Heinz;Heinz.Deppe@test.de;
1000000310;Deppe;Heinz;Heinz.Deppe@test.de;
1000000310;Deppe;Heinz;Heinz.Deppe@test.de;
1000000310;Deppe;Heinz;Heinz.Deppe@test.de;
1000000310;Deppe;Heinz;Heinz.Deppe@test.de;55719
1000000310;Deppe;Heinz;Heinz.Deppe@test.de;55719
1000000315;Röhl;Hermann;Hermann.Röhl@test.de;
1000000315;Röhl;Hermann;Hermann.Röhl@test.de;
1000000315;Röhl;Hermann;Hermann.Röhl@test.de;43750
1000000315;Röhl;Hermann;Hermann.Röhl@test.de;43750
1000000316;Borchardt;Herta;Herta.Borchardt@test.de;
1000000316;Borchardt;Herta;Herta.Borchardt@test.de;
1000000316;Borchardt;Herta;Herta.Borchardt@test.de;41678
1000000316;Borchardt;Herta;Herta.Borchardt@test.de;41678
1000000329;Weimer;Kurt;Kurt.Weimer@test.de;
1000000329;Weimer;Kurt;Kurt.Weimer@test.de;
1000000329;Weimer;Kurt;Kurt.Weimer@test.de;
1000000329;Weimer;Kurt;Kurt.Weimer@test.de;
1000000329;Weimer;Kurt;Kurt.Weimer@test.de;
1000000329;Weimer;Kurt;Kurt.Weimer@test.de;
1000000329;Weimer;Kurt;Kurt.Weimer@test.de;44635
1000000329;Weimer;Kurt;Kurt.Weimer@test.de;44635
1000000329;Weimer;Kurt;Kurt.Weimer@test.de;44637
1000000329;Weimer;Kurt;Kurt.Weimer@test.de;44637
1000000329;Weimer;Kurt;Kurt.Weimer@test.de;44639
1000000329;Weimer;Kurt;Kurt.Weimer@test.de;44639
1000000334;Knopp;Margot;Margot.Knopp@test.de;
1000000353;Tietze;Anneliese;Anneliese.Tietze@test.de;
1000000353;Tietze;Anneliese;Anneliese.Tietze@test.de;
1000000353;Tietze;Anneliese;Anneliese.Tietze@test.de;
1000000353;Tietze;Anneliese;Anneliese.Tietze@test.de;
1000000353;Tietze;Anneliese;Anneliese.Tietze@test.de;48545
1000000353;Tietze;Anneliese;Anneliese.Tietze@test.de;48545
1000000363;Grunert;Elfriede;Elfriede.Grunert@test.de;
1000000363;Grunert;Elfriede;Elfriede.Grunert@test.de;
1000000363;Grunert;Elfriede;Elfriede.Grunert@test.de;
1000000363;Grunert;Elfriede;Elfriede.Grunert@test.de;
1000000363;Grunert;Elfriede;Elfriede.Grunert@test.de;43531
1000000364;Pauly;Elisabeth;Elisabeth.Pauly@test.de;
1000000364;Pauly;Elisabeth;Elisabeth.Pauly@test.de;
1000000364;Pauly;Elisabeth;Elisabeth.Pauly@test.de;43901
1000000364;Pauly;Elisabeth;Elisabeth.Pauly@test.de;43901
1000000368;Gräfe;Erich;Erich.Gräfe@test.de;
1000000368;Gräfe;Erich;Erich.Gräfe@test.de;
1000000368;Gräfe;Erich;Erich.Gräfe@test.de;
1000000368;Gräfe;Erich;Erich.Gräfe@test.de;
1000000368;Gräfe;Erich;Erich.Gräfe@test.de;45225
1000000368;Gräfe;Erich;Erich.Gräfe@test.de;45225
1000000373;Arendt;Frieda;Frieda.Arendt@test.de;
1000000373;Arendt;Frieda;Frieda.Arendt@test.de;
1000000373;Arendt;Frieda;Frieda.Arendt@test.de;35540
1000000373;Arendt;Frieda;Frieda.Arendt@test.de;35540
1000000386;Häring;Helmut;Helmut.Häring@test.de;
1000000386;Häring;Helmut;Helmut.Häring@test.de;
1000000386;Häring;Helmut;Helmut.Häring@test.de;
1000000386;Häring;Helmut;Helmut.Häring@test.de;44534
1000000386;Häring;Helmut;Helmut.Häring@test.de;44534
1000000394;Arens;Ida;Ida.Arens@test.de;
1000000394;Arens;Ida;Ida.Arens@test.de;
1000000394;Arens;Ida;Ida.Arens@test.de;
1000000394;Arens;Ida;Ida.Arens@test.de;34543
1000000398;Tröger;Joachim;Joachim.Tröger@test.de;
1000000398;Tröger;Joachim;Joachim.Tröger@test.de;
1000000398;Tröger;Joachim;Joachim.Tröger@test.de;41014
1000000398;Tröger;Joachim;Joachim.Tröger@test.de;41014
1000000403;Karg;Klaus ;Klaus .Karg@test.de;
1000000403;Karg;Klaus ;Klaus .Karg@test.de;
1000000403;Karg;Klaus ;Klaus .Karg@test.de;
1000000403;Karg;Klaus ;Klaus .Karg@test.de;
1000000403;Karg;Klaus ;Klaus .Karg@test.de;
1000000403;Karg;Klaus ;Klaus .Karg@test.de;
1000000403;Karg;Klaus ;Klaus .Karg@test.de;
1000000403;Karg;Klaus ;Klaus .Karg@test.de;
1000000403;Karg;Klaus ;Klaus .Karg@test.de;51917
1000000403;Karg;Klaus ;Klaus .Karg@test.de;51917
1000000403;Karg;Klaus ;Klaus .Karg@test.de;72489
1000000403;Karg;Klaus ;Klaus .Karg@test.de;72489
1000000410;Löwe;Maria;Maria.Löwe@test.de;
1000000410;Löwe;Maria;Maria.Löwe@test.de;
1000000410;Löwe;Maria;Maria.Löwe@test.de;
1000000410;Löwe;Maria;Maria.Löwe@test.de;
1000000410;Löwe;Maria;Maria.Löwe@test.de;32634
1000000410;Löwe;Maria;Maria.Löwe@test.de;32634
1000000411;Eberhard;Marie;Marie.Eberhard@test.de;
1000000411;Eberhard;Marie;Marie.Eberhard@test.de;
1000000411;Eberhard;Marie;Marie.Eberhard@test.de;40695
1000000411;Eberhard;Marie;Marie.Eberhard@test.de;40695
1000000420;Donner;Walter;Walter.Donner@test.de;
1000000420;Donner;Walter;Walter.Donner@test.de;
1000000420;Donner;Walter;Walter.Donner@test.de;
1000000420;Donner;Walter;Walter.Donner@test.de;
1000000420;Donner;Walter;Walter.Donner@test.de;
1000000420;Donner;Walter;Walter.Donner@test.de;40890
1000000420;Donner;Walter;Walter.Donner@test.de;40890
1000000436;Melcher;Curt;Curt.Melcher@test.de;
1000000436;Melcher;Curt;Curt.Melcher@test.de;
1000000441;Türk;Else;Else.Türk@test.de;
1000000441;Türk;Else;Else.Türk@test.de;
1000000441;Türk;Else;Else.Türk@test.de;
1000000441;Türk;Else;Else.Türk@test.de;43528
1000000441;Türk;Else;Else.Türk@test.de;43528
1000000467;Landwehr;Hildegard;Hildegard.Landwehr@test.de;
1000000467;Landwehr;Hildegard;Hildegard.Landwehr@test.de;
1000000467;Landwehr;Hildegard;Hildegard.Landwehr@test.de;
1000000467;Landwehr;Hildegard;Hildegard.Landwehr@test.de;
1000000467;Landwehr;Hildegard;Hildegard.Landwehr@test.de;
1000000467;Landwehr;Hildegard;Hildegard.Landwehr@test.de;
1000000467;Landwehr;Hildegard;Hildegard.Landwehr@test.de;
1000000467;Landwehr;Hildegard;Hildegard.Landwehr@test.de;
1000000467;Landwehr;Hildegard;Hildegard.Landwehr@test.de;39059
1000000467;Landwehr;Hildegard;Hildegard.Landwehr@test.de;39059
1000000467;Landwehr;Hildegard;Hildegard.Landwehr@test.de;39061
1000000467;Landwehr;Hildegard;Hildegard.Landwehr@test.de;39061
1000000472;Fischbach;Irmgard;Irmgard.Fischbach@test.de;
1000000472;Fischbach;Irmgard;Irmgard.Fischbach@test.de;
1000000472;Fischbach;Irmgard;Irmgard.Fischbach@test.de;
1000000472;Fischbach;Irmgard;Irmgard.Fischbach@test.de;
1000000472;Fischbach;Irmgard;Irmgard.Fischbach@test.de;
1000000472;Fischbach;Irmgard;Irmgard.Fischbach@test.de;
1000000472;Fischbach;Irmgard;Irmgard.Fischbach@test.de;49457
1000000472;Fischbach;Irmgard;Irmgard.Fischbach@test.de;49457
1000000472;Fischbach;Irmgard;Irmgard.Fischbach@test.de;49459
1000000472;Fischbach;Irmgard;Irmgard.Fischbach@test.de;49459
1000000472;Fischbach;Irmgard;Irmgard.Fischbach@test.de;49461
1000000472;Fischbach;Irmgard;Irmgard.Fischbach@test.de;49461
1000000482;Kirsten;Manfred;Manfred.Kirsten@test.de;
1000000482;Kirsten;Manfred;Manfred.Kirsten@test.de;
1000000482;Kirsten;Manfred;Manfred.Kirsten@test.de;
1000000482;Kirsten;Manfred;Manfred.Kirsten@test.de;
1000000482;Kirsten;Manfred;Manfred.Kirsten@test.de;
1000000482;Kirsten;Manfred;Manfred.Kirsten@test.de;
1000000482;Kirsten;Manfred;Manfred.Kirsten@test.de;55047
1000000482;Kirsten;Manfred;Manfred.Kirsten@test.de;55047
1000000482;Kirsten;Manfred;Manfred.Kirsten@test.de;62489
1000000485;Sandmann;Maria;Maria.Sandmann@test.de;
1000000485;Sandmann;Maria;Maria.Sandmann@test.de;
1000000485;Sandmann;Maria;Maria.Sandmann@test.de;
1000000485;Sandmann;Maria;Maria.Sandmann@test.de;
1000000485;Sandmann;Maria;Maria.Sandmann@test.de;
1000000472;Fischbach;Irmgard;Irmgard.Fischbach@test.de;
1000000472;Fischbach;Irmgard;Irmgard.Fischbach@test.de;
1000000472;Fischbach;Irmgard;Irmgard.Fischbach@test.de;
1000000472;Fischbach;Irmgard;Irmgard.Fischbach@test.de;
1000000472;Fischbach;Irmgard;Irmgard.Fischbach@test.de;
1000000472;Fischbach;Irmgard;Irmgard.Fischbach@test.de;
1000000472;Fischbach;Irmgard;Irmgard.Fischbach@test.de;
1000000472;Fischbach;Irmgard;Irmgard.Fischbach@test.de;
1000000472;Fischbach;Irmgard;Irmgard.Fischbach@test.de;
1000000472;Fischbach;Irmgard;Irmgard.Fischbach@test.de;
1000000472;Fischbach;Irmgard;Irmgard.Fischbach@test.de;
1000000472;Fischbach;Irmgard;Irmgard.Fischbach@test.de;
1000000472;Fischbach;Irmgard;Irmgard.Fischbach@test.de;
1000000472;Fischbach;Irmgard;Irmgard.Fischbach@test.de;
1000000472;Fischbach;Irmgard;Irmgard.Fischbach@test.de;
1000000472;Fischbach;Irmgard;Irmgard.Fischbach@test.de;
1000000472;Fischbach;Irmgard;Irmgard.Fischbach@test.de;
1000000472;Fischbach;Irmgard;Irmgard.Fischbach@test.de;
1000000472;Fischbach;Irmgard;Irmgard.Fischbach@test.de;
1000000472;Fischbach;Irmgard;Irmgard.Fischbach@test.de;
1000000472;Fischbach;Irmgard;Irmgard.Fischbach@test.de;
1000000472;Fischbach;Irmgard;Irmgard.Fischbach@test.de;
1000000472;Fischbach;Irmgard;Irmgard.Fischbach@test.de;
1000000472;Fischbach;Irmgard;Irmgard.Fischbach@test.de;
1000000472;Fischbach;Irmgard;Irmgard.Fischbach@test.de;
1000000472;Fischbach;Irmgard;Irmgard.Fischbach@test.de;
1000000472;Fischbach;Irmgard;Irmgard.Fischbach@test.de;
1000000472;Fischbach;Irmgard;Irmgard.Fischbach@test.de;
1000000472;Fischbach;Irmgard;Irmgard.Fischbach@test.de;
1000000472;Fischbach;Irmgard;Irmgard.Fischbach@test.de;
1000000472;Fischbach;Irmgard;Irmgard.Fischbach@test.de;
1000000472;Fischbach;Irmgard;Irmgard.Fischbach@test.de;
1000000485;Sandmann;Maria;Maria.Sandmann@test.de;42181
1000000485;Sandmann;Maria;Maria.Sandmann@test.de;42181
1000000487;Wick;Marta;Marta.Wick@test.de;
1000000487;Wick;Marta;Marta.Wick@test.de;
1000000487;Wick;Marta;Marta.Wick@test.de;
1000000487;Wick;Marta;Marta.Wick@test.de;
1000000487;Wick;Marta;Marta.Wick@test.de;
1000000487;Wick;Marta;Marta.Wick@test.de;
1000000487;Wick;Marta;Marta.Wick@test.de;
1000000487;Wick;Marta;Marta.Wick@test.de;
1000000487;Wick;Marta;Marta.Wick@test.de;44359
1000000487;Wick;Marta;Marta.Wick@test.de;44359
1000000491;Jessen;Richard;Richard.Jessen@test.de;
1000000491;Jessen;Richard;Richard.Jessen@test.de;
1000000491;Jessen;Richard;Richard.Jessen@test.de;48402
1000000497;Grohmann;Werner;Werner.Grohmann@test.de;
1000000497;Grohmann;Werner;Werner.Grohmann@test.de;
1000000497;Grohmann;Werner;Werner.Grohmann@test.de;
1000000497;Grohmann;Werner;Werner.Grohmann@test.de;
1000000497;Grohmann;Werner;Werner.Grohmann@test.de;
1000000497;Grohmann;Werner;Werner.Grohmann@test.de;
1000000497;Grohmann;Werner;Werner.Grohmann@test.de;
1000000497;Grohmann;Werner;Werner.Grohmann@test.de;47190
1000000497;Grohmann;Werner;Werner.Grohmann@test.de;47190
1000000498;Grebe;Wilhelm;Wilhelm.Grebe@test.de;
1000000498;Grebe;Wilhelm;Wilhelm.Grebe@test.de;
1000000498;Grebe;Wilhelm;Wilhelm.Grebe@test.de;
1000000498;Grebe;Wilhelm;Wilhelm.Grebe@test.de;35332
1000000498;Grebe;Wilhelm;Wilhelm.Grebe@test.de;35332
1000000500;Liebl;Wolfgang;Wolfgang.Liebl@test.de;
1000000500;Liebl;Wolfgang;Wolfgang.Liebl@test.de;
1000000500;Liebl;Wolfgang;Wolfgang.Liebl@test.de;
1000000500;Liebl;Wolfgang;Wolfgang.Liebl@test.de;
1000000500;Liebl;Wolfgang;Wolfgang.Liebl@test.de;
1000000500;Liebl;Wolfgang;Wolfgang.Liebl@test.de;49015
1000000500;Liebl;Wolfgang;Wolfgang.Liebl@test.de;49015
1000000528;Schmitz;Gerhard;Gerhard.Schmitz@test.de;
1000000528;Schmitz;Gerhard;Gerhard.Schmitz@test.de;
1000000528;Schmitz;Gerhard;Gerhard.Schmitz@test.de;
1000000528;Schmitz;Gerhard;Gerhard.Schmitz@test.de;43907
1000000528;Schmitz;Gerhard;Gerhard.Schmitz@test.de;43907
1000000535;Köhler;Heinz;Heinz.Köhler@test.de;
1000000535;Köhler;Heinz;Heinz.Köhler@test.de;
1000000535;Köhler;Heinz;Heinz.Köhler@test.de;
1000000535;Köhler;Heinz;Heinz.Köhler@test.de;
1000000535;Köhler;Heinz;Heinz.Köhler@test.de;54400
1000000535;Köhler;Heinz;Heinz.Köhler@test.de;54400
1000000560;Lorenz;Maria;Maria.Lorenz@test.de;
1000000560;Lorenz;Maria;Maria.Lorenz@test.de;
1000000560;Lorenz;Maria;Maria.Lorenz@test.de;
1000000560;Lorenz;Maria;Maria.Lorenz@test.de;
1000000560;Lorenz;Maria;Maria.Lorenz@test.de;
1000000561;Baumann;Marie;Marie.Baumann@test.de;
1000000561;Baumann;Marie;Marie.Baumann@test.de;
1000000561;Baumann;Marie;Marie.Baumann@test.de;
1000000561;Baumann;Marie;Marie.Baumann@test.de;
1000000561;Baumann;Marie;Marie.Baumann@test.de;
1000000561;Baumann;Marie;Marie.Baumann@test.de;
1000000561;Baumann;Marie;Marie.Baumann@test.de;
1000000561;Baumann;Marie;Marie.Baumann@test.de;
1000000561;Baumann;Marie;Marie.Baumann@test.de;
1000000561;Baumann;Marie;Marie.Baumann@test.de;
1000000561;Baumann;Marie;Marie.Baumann@test.de;
1000000561;Baumann;Marie;Marie.Baumann@test.de;
1000000561;Baumann;Marie;Marie.Baumann@test.de;
1000000571;Schumacher;Waltraud;Waltraud.Schumacher@test.de;
1000000571;Schumacher;Waltraud;Waltraud.Schumacher@test.de;
1000000571;Schumacher;Waltraud;Waltraud.Schumacher@test.de;
1000000571;Schumacher;Waltraud;Waltraud.Schumacher@test.de;
1000000571;Schumacher;Waltraud;Waltraud.Schumacher@test.de;
1000000571;Schumacher;Waltraud;Waltraud.Schumacher@test.de;41396
1000000571;Schumacher;Waltraud;Waltraud.Schumacher@test.de;41396
1000000571;Schumacher;Waltraud;Waltraud.Schumacher@test.de;52669
1000000571;Schumacher;Waltraud;Waltraud.Schumacher@test.de;52669
1000000575;Jäger;Wolfgang;Wolfgang.Jäger@test.de;
1000000575;Jäger;Wolfgang;Wolfgang.Jäger@test.de;
1000000575;Jäger;Wolfgang;Wolfgang.Jäger@test.de;41394
1000000575;Jäger;Wolfgang;Wolfgang.Jäger@test.de;41394
1000000583;Schreiber;Charlotte;Charlotte.Schreiber@test.de;
1000000583;Schreiber;Charlotte;Charlotte.Schreiber@test.de;
1000000583;Schreiber;Charlotte;Charlotte.Schreiber@test.de;41375
1000000583;Schreiber;Charlotte;Charlotte.Schreiber@test.de;41375
1000000588;Ziegler;Elfriede;Elfriede.Ziegler@test.de;
1000000588;Ziegler;Elfriede;Elfriede.Ziegler@test.de;
1000000588;Ziegler;Elfriede;Elfriede.Ziegler@test.de;37986
1000000588;Ziegler;Elfriede;Elfriede.Ziegler@test.de;37986
1000000592;Horn;Emma;Emma.Horn@test.de;
1000000592;Horn;Emma;Emma.Horn@test.de;
1000000592;Horn;Emma;Emma.Horn@test.de;
1000000592;Horn;Emma;Emma.Horn@test.de;
1000000592;Horn;Emma;Emma.Horn@test.de;
1000000592;Horn;Emma;Emma.Horn@test.de;
1000000595;Busch;Erna;Erna.Busch@test.de;
1000000595;Busch;Erna;Erna.Busch@test.de;
1000000595;Busch;Erna;Erna.Busch@test.de;41939
1000000595;Busch;Erna;Erna.Busch@test.de;41939
1000000596;Thomas;Ernst;Ernst.Thomas@test.de;
1000000596;Thomas;Ernst;Ernst.Thomas@test.de;
1000000596;Thomas;Ernst;Ernst.Thomas@test.de;
1000000596;Thomas;Ernst;Ernst.Thomas@test.de;
1000000596;Thomas;Ernst;Ernst.Thomas@test.de;38812
1000000596;Thomas;Ernst;Ernst.Thomas@test.de;38812
1000000596;Thomas;Ernst;Ernst.Thomas@test.de;38814
1000000596;Thomas;Ernst;Ernst.Thomas@test.de;38814
1000000603;Ernst;Gerhard;Gerhard.Ernst@test.de;
1000000603;Ernst;Gerhard;Gerhard.Ernst@test.de;
1000000603;Ernst;Gerhard;Gerhard.Ernst@test.de;49874
1000000603;Ernst;Gerhard;Gerhard.Ernst@test.de;49874
1000000612;Götz;Helene;Helene.Götz@test.de;
1000000612;Götz;Helene;Helene.Götz@test.de;
1000000622;Langer;Irmgard;Irmgard.Langer@test.de;
1000000622;Langer;Irmgard;Irmgard.Langer@test.de;
1000000622;Langer;Irmgard;Irmgard.Langer@test.de;32498
1000000622;Langer;Irmgard;Irmgard.Langer@test.de;32498
1000000648;Eckert;Wilhelm;Wilhelm.Eckert@test.de;
1000000648;Eckert;Wilhelm;Wilhelm.Eckert@test.de;
1000000648;Eckert;Wilhelm;Wilhelm.Eckert@test.de;
1000000648;Eckert;Wilhelm;Wilhelm.Eckert@test.de;
1000000648;Eckert;Wilhelm;Wilhelm.Eckert@test.de;39115
1000000648;Eckert;Wilhelm;Wilhelm.Eckert@test.de;39115
1000000651;Reuter;Alfred;Alfred.Reuter@test.de;
1000000651;Reuter;Alfred;Alfred.Reuter@test.de;
1000000651;Reuter;Alfred;Alfred.Reuter@test.de;39760
1000000651;Reuter;Alfred;Alfred.Reuter@test.de;39760
1000000669;Behrens;Erika;Erika.Behrens@test.de;
1000000669;Behrens;Erika;Erika.Behrens@test.de;
1000000669;Behrens;Erika;Erika.Behrens@test.de;
1000000669;Behrens;Erika;Erika.Behrens@test.de;
1000000669;Behrens;Erika;Erika.Behrens@test.de;46513
1000000669;Behrens;Erika;Erika.Behrens@test.de;46513
1000000669;Behrens;Erika;Erika.Behrens@test.de;46515
1000000669;Behrens;Erika;Erika.Behrens@test.de;46515
1000000736;Bach;Curt;Curt.Bach@test.de;
1000000736;Bach;Curt;Curt.Bach@test.de;
1000000736;Bach;Curt;Curt.Bach@test.de;
1000000736;Bach;Curt;Curt.Bach@test.de;
1000000736;Bach;Curt;Curt.Bach@test.de;
1000000736;Bach;Curt;Curt.Bach@test.de;
1000000736;Bach;Curt;Curt.Bach@test.de;
1000000736;Bach;Curt;Curt.Bach@test.de;
1000000736;Bach;Curt;Curt.Bach@test.de;
1000000736;Bach;Curt;Curt.Bach@test.de;
1000000736;Bach;Curt;Curt.Bach@test.de;
1000000736;Bach;Curt;Curt.Bach@test.de;
1000000736;Bach;Curt;Curt.Bach@test.de;
1000000736;Bach;Curt;Curt.Bach@test.de;
1000000736;Bach;Curt;Curt.Bach@test.de;
1000000736;Bach;Curt;Curt.Bach@test.de;
1000000736;Bach;Curt;Curt.Bach@test.de;
1000000736;Bach;Curt;Curt.Bach@test.de;
1000000736;Bach;Curt;Curt.Bach@test.de;
1000000736;Bach;Curt;Curt.Bach@test.de;
1000000736;Bach;Curt;Curt.Bach@test.de;
1000000736;Bach;Curt;Curt.Bach@test.de;
1000000736;Bach;Curt;Curt.Bach@test.de;52422
1000000736;Bach;Curt;Curt.Bach@test.de;52422
1000000736;Bach;Curt;Curt.Bach@test.de;52424
1000000736;Bach;Curt;Curt.Bach@test.de;52424
1000000736;Bach;Curt;Curt.Bach@test.de;52426
1000000736;Bach;Curt;Curt.Bach@test.de;52426
1000000736;Bach;Curt;Curt.Bach@test.de;52428
1000000803;Dittrich;Anneliese;Anneliese.Dittrich@test.de;
1000000803;Dittrich;Anneliese;Anneliese.Dittrich@test.de;
1000000803;Dittrich;Anneliese;Anneliese.Dittrich@test.de;50952
1000000803;Dittrich;Anneliese;Anneliese.Dittrich@test.de;50952
1000000736;Bach;Curt;Curt.Bach@test.de;52428
1000000736;Bach;Curt;Curt.Bach@test.de;52430
1000000736;Bach;Curt;Curt.Bach@test.de;52430
1000000736;Bach;Curt;Curt.Bach@test.de;52432
1000000736;Bach;Curt;Curt.Bach@test.de;52432
1000000736;Bach;Curt;Curt.Bach@test.de;52434
1000000736;Bach;Curt;Curt.Bach@test.de;52434
1000000736;Bach;Curt;Curt.Bach@test.de;52436
1000000736;Bach;Curt;Curt.Bach@test.de;52436
1000000736;Bach;Curt;Curt.Bach@test.de;52442
1000000736;Bach;Curt;Curt.Bach@test.de;52442
1000000738;Bischoff;Elfriede;Elfriede.Bischoff@test.de;
1000000738;Bischoff;Elfriede;Elfriede.Bischoff@test.de;
1000000738;Bischoff;Elfriede;Elfriede.Bischoff@test.de;41775
1000000738;Bischoff;Elfriede;Elfriede.Bischoff@test.de;41775
1000000770;Kiefer;Ilse;Ilse.Kiefer@test.de;
1000000770;Kiefer;Ilse;Ilse.Kiefer@test.de;
1000000770;Kiefer;Ilse;Ilse.Kiefer@test.de;51938
1000000770;Kiefer;Ilse;Ilse.Kiefer@test.de;51938
1000000846;Miller;Ingeborg;Ingeborg.Miller@test.de;
1000000879;Wegener;Arthur;Arthur.Wegener@test.de;
1000000921;Völker;Ingeborg;Ingeborg.Völker@test.de;
1000000921;Völker;Ingeborg;Ingeborg.Völker@test.de;
1000000921;Völker;Ingeborg;Ingeborg.Völker@test.de;37690
1000000921;Völker;Ingeborg;Ingeborg.Völker@test.de;37690
1000000931;Zeller;Louise;Louise.Zeller@test.de;
1000000931;Zeller;Louise;Louise.Zeller@test.de;
1000000937;Giese;Marta;Marta.Giese@test.de;
1000000937;Giese;Marta;Marta.Giese@test.de;
1000000937;Giese;Marta;Marta.Giese@test.de;
1000000937;Giese;Marta;Marta.Giese@test.de;
1000000975;Appel;Fritz;Fritz.Appel@test.de;
1000000975;Appel;Fritz;Fritz.Appel@test.de;
1000000981;Barthel;Günther;Günther.Barthel@test.de;
1000000981;Barthel;Günther;Günther.Barthel@test.de;
1000000981;Barthel;Günther;Günther.Barthel@test.de;
1000000981;Barthel;Günther;Günther.Barthel@test.de;33849
1000000981;Barthel;Günther;Günther.Barthel@test.de;33849
1000000985;Engels;Heinz;Heinz.Engels@test.de;
1000000985;Engels;Heinz;Heinz.Engels@test.de;
1000001000;Lechner;Karl;Karl.Lechner@test.de;
1000001000;Lechner;Karl;Karl.Lechner@test.de;
1000001000;Lechner;Karl;Karl.Lechner@test.de;
1000001000;Lechner;Karl;Karl.Lechner@test.de;
1000001000;Lechner;Karl;Karl.Lechner@test.de;43519
1000001000;Lechner;Karl;Karl.Lechner@test.de;43519
1000001011;Brüggemann;Marie;Marie.Brüggemann@test.de;
1000001011;Brüggemann;Marie;Marie.Brüggemann@test.de;43419
1000001066;Rath;Herta;Herta.Rath@test.de;
1000001066;Rath;Herta;Herta.Rath@test.de;
1000001066;Rath;Herta;Herta.Rath@test.de;
1000001066;Rath;Herta;Herta.Rath@test.de;
1000001066;Rath;Herta;Herta.Rath@test.de;
1000001066;Rath;Herta;Herta.Rath@test.de;48509
1000001066;Rath;Herta;Herta.Rath@test.de;48509
1000001075;Kempf;Karl;Karl.Kempf@test.de;
1000001075;Kempf;Karl;Karl.Kempf@test.de;
1000001075;Kempf;Karl;Karl.Kempf@test.de;41990
1000001075;Kempf;Karl;Karl.Kempf@test.de;41990
1000001117;Helbig;Emma;Emma.Helbig@test.de;
1000001150;Klug;Karl;Karl.Klug@test.de;
